Precision,Recall,F1 Score,Accuracy,TP,FP,FN,LLM Agent
0.995977474,0.984101749,0.990003998,0.980205859,1238,5,20,1.5 flash
0.996776793,0.984089101,0.990392314,0.980967486,1237,4,20,2.0 flash
0.996792302,0.988862371,0.992811502,0.985725615,1243,4,14,2.5 flash
0.995188452,0.987271281,0.991214058,0.982581156,1241,6,16,2.5 pro
0.991181658,0.444620253,0.613872201,0.4428684,562,5,702,1.5pro
