Precision,Recall,F1 Score,Accuracy,TP,FP,FN
0.99597747385358,0.9841017488076312,0.9900039984006398,0.9802058590657166,1238,5,20    //1.5 flash
0.9967767929089444,0.9840891010342084,0.9903923138510808,0.9809674861221253,1237,4,20   //2.0 flash
0.9967923015236568,0.988862370723946,0.992811501597444,0.985725614591594,1243,4,14    //2.5 flash
0.9951884522854852,0.9872712808273668,0.9912140575079872,0.9825811559778306,1241,6,16  //2.5 pro
0.9911816578483245,0.44462025316455694,0.6138722009830694,0.4428684003152088,562,5,702 //1.5 pro
